model,dataset,layer,accuracy,f1,true_positive_rate,true_negative_rate,roc_auc,average_precision,negative_support,positive_support,Classification_Type,num_layers
llama3_8b,wildguardtest,0,0.633313713949382,0.6147186147186147,0.6591511936339522,0.6126984126984127,0.6417406986372504,0.5448516825581022,945,754,Hidden States Maha,
llama3_8b,wildguardtest,1,0.736904061212478,0.6836518046709129,0.6405835543766578,0.8137566137566138,0.7908558236144444,0.7934255096111464,945,754,Hidden States Maha,
llama3_8b,wildguardtest,2,0.696291936433196,0.6406685236768802,0.610079575596817,0.765079365079365,0.7447054860847964,0.7502819026394396,945,754,Hidden States Maha,
llama3_8b,wildguardtest,3,0.7227781047675103,0.6487695749440716,0.5769230769230769,0.8391534391534392,0.7683451924831235,0.7657904683948243,945,754,Hidden States Maha,
llama3_8b,wildguardtest,4,0.7692760447321955,0.7052631578947368,0.6220159151193634,0.8867724867724868,0.8220748600058945,0.8161082258717445,945,754,Hidden States Maha,
llama3_8b,wildguardtest,5,0.7822248381400824,0.725111441307578,0.6472148541114059,0.8899470899470899,0.8530005754143685,0.8403475759049274,945,754,Hidden States Maha,
llama3_8b,wildguardtest,6,0.7928193054738081,0.7392592592592593,0.6618037135278515,0.8973544973544973,0.8649116528426872,0.8489060307613681,945,754,Hidden States Maha,
llama3_8b,wildguardtest,7,0.785167745732784,0.7329919531821507,0.6644562334217506,0.8814814814814815,0.8644850041401766,0.8369682518045677,945,754,Hidden States Maha,
llama3_8b,wildguardtest,8,0.8098881695114774,0.7633699633699633,0.6909814323607427,0.9047619047619048,0.892002442002442,0.8654514411362766,945,754,Hidden States Maha,
llama3_8b,wildguardtest,9,0.8216597998822837,0.7796363636363637,0.7108753315649867,0.91005291005291,0.8970492470492472,0.8716492443481427,945,754,Hidden States Maha,
llama3_8b,wildguardtest,10,0.8293113596233078,0.7889374090247453,0.7188328912466844,0.9174603174603174,0.9050292619258138,0.8800412660141961,945,754,Hidden States Maha,
llama3_8b,wildguardtest,11,0.8393172454384933,0.8028880866425993,0.7374005305039788,0.9206349206349206,0.9139278346174897,0.8914474958150082,945,754,Hidden States Maha,
llama3_8b,wildguardtest,12,0.8322542672160094,0.7933284989122552,0.7254641909814323,0.9174603174603174,0.9144569351465903,0.8918194738671082,945,754,Hidden States Maha,
llama3_8b,wildguardtest,13,0.8416715715126545,0.806056236481615,0.7413793103448276,0.9216931216931217,0.9180027507613714,0.898057854046499,945,754,Hidden States Maha,
llama3_8b,wildguardtest,14,0.8452030606238964,0.8109273903666427,0.7480106100795756,0.9227513227513228,0.9204707170224412,0.8970934351093063,945,754,Hidden States Maha,
llama3_8b,wildguardtest,15,0.8487345497351383,0.8144404332129964,0.7480106100795756,0.9291005291005291,0.9175796106830589,0.8926646246890143,945,754,Hidden States Maha,
llama3_8b,wildguardtest,16,0.8422601530311948,0.8069164265129684,0.7427055702917772,0.9216931216931217,0.9176104865760039,0.8934020012360907,945,754,Hidden States Maha,
llama3_8b,wildguardtest,17,0.8469688051795173,0.8126801152737753,0.7480106100795756,0.9259259259259259,0.9191156863570658,0.895959388529683,945,754,Hidden States Maha,
llama3_8b,wildguardtest,18,0.8422601530311948,0.8063583815028902,0.7400530503978779,0.9238095238095239,0.9180252059562406,0.8945884510079717,945,754,Hidden States Maha,
llama3_8b,wildguardtest,19,0.8428487345497352,0.8077753779697624,0.7440318302387268,0.9216931216931217,0.9190630569940915,0.8972860554368463,945,754,Hidden States Maha,
llama3_8b,wildguardtest,20,0.8434373160682754,0.8086330935251799,0.7453580901856764,0.9216931216931217,0.9185009753975272,0.8956266224655368,945,754,Hidden States Maha,
llama3_8b,wildguardtest,21,0.8399058269570335,0.8026124818577649,0.73342175066313,0.9248677248677248,0.918493256424291,0.8948996048442535,945,754,Hidden States Maha,
llama3_8b,wildguardtest,22,0.8428487345497352,0.8052516411378556,0.7320954907161804,0.9312169312169312,0.9196496989600436,0.8956781318061554,945,754,Hidden States Maha,
llama3_8b,wildguardtest,23,0.8428487345497352,0.8046817849305048,0.7294429708222812,0.9333333333333333,0.919488302246923,0.8950694137930212,945,754,Hidden States Maha,
llama3_8b,wildguardtest,24,0.8446144791053561,0.8081395348837209,0.7374005305039788,0.9301587301587302,0.9195325109118214,0.8949936791602402,945,754,Hidden States Maha,
llama3_8b,wildguardtest,25,0.8510888758092996,0.8165337200870196,0.746684350132626,0.9343915343915344,0.9211541970162659,0.8985610887636324,945,754,Hidden States Maha,
llama3_8b,wildguardtest,26,0.8469688051795173,0.8102189781021898,0.7360742705570292,0.9354497354497354,0.9210770072839038,0.8987091133282381,945,754,Hidden States Maha,
llama3_8b,wildguardtest,27,0.8540317834020011,0.8205499276410999,0.7519893899204244,0.9354497354497354,0.9218973236214615,0.8989503976364576,945,754,Hidden States Maha,
llama3_8b,wildguardtest,28,0.8557975279576221,0.8218181818181818,0.7493368700265252,0.9407407407407408,0.9212461229702609,0.8963510862236801,945,754,Hidden States Maha,
llama3_8b,wildguardtest,29,0.8534432018834609,0.8186453022578296,0.7453580901856764,0.9396825396825397,0.9219857409512583,0.8986136886740587,945,754,Hidden States Maha,
llama3_8b,wildguardtest,30,0.85167745732784,0.8163265306122449,0.7427055702917772,0.9386243386243386,0.9259111897042931,0.9005811256966141,945,754,Hidden States Maha,
llama3_8b,wildguardtest,31,0.8540317834020011,0.8189781021897811,0.7440318302387268,0.9417989417989417,0.9251729751729751,0.9023356860073329,945,754,Hidden States Maha,
llama3_8b,wildguardtest,32,0.8522660388463802,0.8169219547775346,0.7427055702917772,0.9396825396825397,0.9254396306120443,0.9066478407045633,945,754,Hidden States Maha,
llama3_8b_inst,wildguardtest,1,0.7804590935844614,0.7267399267399267,0.6578249336870027,0.8783068783068783,0.8393379927862686,0.8215632985341499,945,754,Hidden States Maha,32.0
llama3_8b_inst,wildguardtest,2,0.8016480282519128,0.7498144023756496,0.669761273209549,0.9068783068783068,0.8585182378285827,0.8400245544817752,945,754,Hidden States Maha,32.0
llama3_8b_inst,wildguardtest,3,0.8034137728075338,0.7547723935389133,0.6816976127320955,0.9005291005291005,0.8629861198826716,0.8395053613632227,945,754,Hidden States Maha,32.0
llama3_8b_inst,wildguardtest,4,0.8198940553266627,0.7733333333333333,0.6923076923076923,0.9216931216931217,0.8861542671887499,0.8617568390436379,945,754,Hidden States Maha,32.0
llama3_8b_inst,wildguardtest,5,0.8263684520306063,0.7841989758595465,0.7108753315649867,0.9185185185185185,0.9029381219036392,0.8757267339313013,945,754,Hidden States Maha,32.0
llama3_8b_inst,wildguardtest,6,0.8410829899941142,0.8023426061493412,0.726790450928382,0.9322751322751323,0.912807881773399,0.8854099621609667,945,754,Hidden States Maha,32.0
llama3_8b_inst,wildguardtest,7,0.849911712772219,0.8156182212581344,0.7480106100795756,0.9312169312169312,0.9240607413021206,0.898583169465181,945,754,Hidden States Maha,32.0
llama3_8b_inst,wildguardtest,8,0.8669805768098882,0.836940836940837,0.7692307692307693,0.944973544973545,0.9335284128387576,0.9123955246305439,945,754,Hidden States Maha,32.0
llama3_8b_inst,wildguardtest,9,0.8775750441436139,0.8505747126436781,0.7851458885941645,0.9513227513227513,0.9402425161045851,0.9229082980825962,945,754,Hidden States Maha,32.0
llama3_8b_inst,wildguardtest,10,0.8811065332548558,0.8561253561253561,0.7970822281167109,0.9481481481481482,0.9449658260003089,0.9244880328438715,945,754,Hidden States Maha,32.0
llama3_8b_inst,wildguardtest,11,0.8846380223660977,0.8613861386138614,0.8076923076923077,0.946031746031746,0.950668743772192,0.9378432221154809,945,754,Hidden States Maha,32.0
llama3_8b_inst,wildguardtest,12,0.8917010005885815,0.870604781997187,0.8209549071618037,0.9481481481481482,0.9525002456036938,0.9417960351195341,945,754,Hidden States Maha,32.0
llama3_8b_inst,wildguardtest,13,0.8922895821071218,0.8717589348283111,0.8249336870026526,0.946031746031746,0.9526012939806044,0.9436682096322819,945,754,Hidden States Maha,32.0
llama3_8b_inst,wildguardtest,14,0.8964096527369041,0.8770949720670391,0.8328912466843501,0.9470899470899471,0.9503185830772038,0.94145976103822,945,754,Hidden States Maha,32.0
llama3_8b_inst,wildguardtest,15,0.8928781636256622,0.8730822873082287,0.830238726790451,0.9428571428571428,0.9517662414214138,0.9458201049048263,945,754,Hidden States Maha,32.0
llama3_8b_inst,wildguardtest,16,0.898175397292525,0.8789363191042687,0.8328912466843501,0.9502645502645503,0.9493909028391787,0.9466515501454053,945,754,Hidden States Maha,32.0
llama3_8b_inst,wildguardtest,17,0.899941141848146,0.8817802503477051,0.8408488063660478,0.9470899470899471,0.9490821439097301,0.9468959793098071,945,754,Hidden States Maha,32.0
llama3_8b_inst,wildguardtest,18,0.8934667451442024,0.8740431454418929,0.8328912466843501,0.9417989417989417,0.9466808415084278,0.9456079477171966,945,754,Hidden States Maha,32.0
llama3_8b_inst,wildguardtest,19,0.8875809299587993,0.8670842032011135,0.8262599469496021,0.9365079365079365,0.9461320926838169,0.9435809940133459,945,754,Hidden States Maha,32.0
llama3_8b_inst,wildguardtest,20,0.886992348440259,0.8659217877094972,0.8222811671087533,0.9386243386243386,0.9445090031296928,0.940943517543193,945,754,Hidden States Maha,32.0
llama3_8b_inst,wildguardtest,21,0.8864037669217186,0.8655052264808363,0.8236074270557029,0.9365079365079365,0.9417168399927022,0.9342257154823512,945,754,Hidden States Maha,32.0
llama3_8b_inst,wildguardtest,22,0.885226603884638,0.8639218422889045,0.8209549071618037,0.9365079365079365,0.941890166028097,0.9336550479081086,945,754,Hidden States Maha,32.0
llama3_8b_inst,wildguardtest,23,0.8846380223660977,0.8635097493036211,0.8222811671087533,0.9343915343915344,0.9411933532623187,0.9323426696440065,945,754,Hidden States Maha,32.0
llama3_8b_inst,wildguardtest,24,0.8822836962919365,0.8601398601398601,0.8156498673740054,0.9354497354497354,0.9426494323046047,0.933732201069656,945,754,Hidden States Maha,32.0
llama3_8b_inst,wildguardtest,25,0.8769864626250736,0.8543554006968641,0.8129973474801061,0.928042328042328,0.9425638218741668,0.9324614790281331,945,754,Hidden States Maha,32.0
llama3_8b_inst,wildguardtest,26,0.8781636256621542,0.8551434569629112,0.8103448275862069,0.9322751322751323,0.9423112009318906,0.9301582222123881,945,754,Hidden States Maha,32.0
llama3_8b_inst,wildguardtest,27,0.8763978811065333,0.852112676056338,0.8023872679045093,0.9354497354497354,0.9424052320604046,0.9319517622283712,945,754,Hidden States Maha,32.0
llama3_8b_inst,wildguardtest,28,0.8834608593290171,0.8611500701262272,0.8143236074270557,0.9386243386243386,0.9413772051703085,0.9287932080158628,945,754,Hidden States Maha,32.0
llama3_8b_inst,wildguardtest,29,0.8816951147733961,0.8585503166783955,0.8090185676392573,0.9396825396825397,0.9428227583399997,0.9323999112763603,945,754,Hidden States Maha,32.0
llama3_8b_inst,wildguardtest,30,0.8816951147733961,0.8589473684210527,0.8116710875331565,0.9375661375661376,0.9432023914782535,0.9360837035571842,945,754,Hidden States Maha,32.0
llama3_8b_inst,wildguardtest,31,0.8775750441436139,0.8537271448663853,0.8050397877984085,0.9354497354497354,0.9411077428318808,0.9346035168000375,945,754,Hidden States Maha,32.0
llama3_8b_inst,wildguardtest,32,0.8769864626250736,0.8539482879105521,0.8103448275862069,0.9301587301587302,0.9434627313937658,0.9421680814242916,945,754,Hidden States Maha,32.0
mistral7b,wildguardtest,0,0.633313713949382,0.6151945645460161,0.6604774535809018,0.6116402116402117,0.640462857704237,0.545918177955716,945,754,Hidden States Maha,
mistral7b,wildguardtest,1,0.7133608004708653,0.663441603317208,0.636604774535809,0.7746031746031746,0.7828645811404432,0.7853462018309669,945,754,Hidden States Maha,
mistral7b,wildguardtest,2,0.6344908769864627,0.6178461538461538,0.6657824933687002,0.6095238095238096,0.6889288872047492,0.6791697248286669,945,754,Hidden States Maha,
mistral7b,wildguardtest,3,0.6386109476162448,0.6138364779874214,0.6472148541114059,0.6317460317460317,0.7134703100220341,0.7113524227413036,945,754,Hidden States Maha,
mistral7b,wildguardtest,4,0.6580341377280753,0.6159947124917383,0.6180371352785146,0.68994708994709,0.731360083084221,0.730356589335314,945,754,Hidden States Maha,
mistral7b,wildguardtest,5,0.7027663331371395,0.6426043878273178,0.6021220159151194,0.783068783068783,0.7629124387745078,0.7627970178788422,945,754,Hidden States Maha,
mistral7b,wildguardtest,6,0.7274867569158329,0.6652205350686913,0.610079575596817,0.8211640211640212,0.7953194953194953,0.7925527008892521,945,754,Hidden States Maha,
mistral7b,wildguardtest,7,0.7527957622130665,0.6960926193921853,0.6379310344827587,0.8444444444444444,0.8163698370594923,0.8102603191877762,945,754,Hidden States Maha,
mistral7b,wildguardtest,8,0.7733961153619776,0.7220216606498195,0.6631299734748011,0.8613756613756614,0.8395772809565913,0.8289791627796763,945,754,Hidden States Maha,
mistral7b,wildguardtest,9,0.7934078869923484,0.7480258435032304,0.6909814323607427,0.8751322751322751,0.8678757385653937,0.8545466971004398,945,754,Hidden States Maha,
mistral7b,wildguardtest,10,0.7981165391406709,0.7530597552195825,0.6936339522546419,0.8814814814814815,0.8789117651186616,0.8631837698278512,945,754,Hidden States Maha,
mistral7b,wildguardtest,11,0.8069452619187758,0.7640287769784173,0.7042440318302388,0.8888888888888888,0.8855072768865873,0.8695106126314778,945,754,Hidden States Maha,
mistral7b,wildguardtest,12,0.8198940553266627,0.7789017341040463,0.7148541114058355,0.9037037037037037,0.897306078340561,0.8793013502584043,945,754,Hidden States Maha,
mistral7b,wildguardtest,13,0.8234255444379046,0.782608695652174,0.7161803713527851,0.908994708994709,0.902347269588649,0.8856267310377578,945,754,Hidden States Maha,
mistral7b,wildguardtest,14,0.8234255444379046,0.782608695652174,0.7161803713527851,0.908994708994709,0.9041296506813747,0.8864317619911268,945,754,Hidden States Maha,
mistral7b,wildguardtest,15,0.8340200117716303,0.795355587808418,0.726790450928382,0.9195767195767196,0.9084761343382033,0.8878924726146511,945,754,Hidden States Maha,
mistral7b,wildguardtest,16,0.836962919364332,0.7991298042059464,0.7307692307692307,0.9216931216931217,0.9104423673389191,0.8905857736462609,945,754,Hidden States Maha,
mistral7b,wildguardtest,17,0.8393172454384933,0.8026030368763557,0.7360742705570292,0.9216931216931217,0.9135825859963791,0.8942635842856754,945,754,Hidden States Maha,
mistral7b,wildguardtest,18,0.8381400824014126,0.799416484318016,0.726790450928382,0.926984126984127,0.9143355367493298,0.8938329966867087,945,754,Hidden States Maha,
mistral7b,wildguardtest,19,0.8463802236609771,0.8110065170166546,0.7427055702917772,0.9291005291005291,0.9162828231793748,0.8975764870453389,945,754,Hidden States Maha,
mistral7b,wildguardtest,20,0.8434373160682754,0.806966618287373,0.7374005305039788,0.928042328042328,0.9176982021809609,0.8992115711946747,945,754,Hidden States Maha,
mistral7b,wildguardtest,21,0.8469688051795173,0.8113207547169812,0.7413793103448276,0.9312169312169312,0.9190834070144415,0.9002313866218544,945,754,Hidden States Maha,
mistral7b,wildguardtest,22,0.8410829899941142,0.8040638606676342,0.7347480106100795,0.9259259259259259,0.9189648155165397,0.8990150578941865,945,754,Hidden States Maha,
mistral7b,wildguardtest,23,0.8393172454384933,0.8017429193899782,0.7320954907161804,0.9248677248677248,0.9184490477593926,0.8974304373373603,945,754,Hidden States Maha,
mistral7b,wildguardtest,24,0.8422601530311948,0.8057971014492754,0.7374005305039788,0.9259259259259259,0.91788345753863,0.8966482696383089,945,754,Hidden States Maha,
mistral7b,wildguardtest,25,0.8452030606238964,0.8090050835148874,0.7387267904509284,0.9301587301587302,0.9194932143208004,0.8983098730143818,945,754,Hidden States Maha,
mistral7b,wildguardtest,26,0.8446144791053561,0.8075801749271136,0.7347480106100795,0.9322751322751323,0.9196244368658162,0.8981830559405903,945,754,Hidden States Maha,
mistral7b,wildguardtest,27,0.8434373160682754,0.8066860465116279,0.7360742705570292,0.9291005291005291,0.9200216131250614,0.8992299604161677,945,754,Hidden States Maha,
mistral7b,wildguardtest,28,0.8446144791053561,0.8081395348837209,0.7374005305039788,0.9301587301587302,0.9180266094059197,0.8956364468971588,945,754,Hidden States Maha,
mistral7b,wildguardtest,29,0.849911712772219,0.8161499639509733,0.7506631299734748,0.9291005291005291,0.9189121861535654,0.8974017350681165,945,754,Hidden States Maha,
mistral7b,wildguardtest,30,0.8475573866980577,0.8132660418168709,0.7480106100795756,0.926984126984127,0.9216924199682819,0.9012037356270635,945,754,Hidden States Maha,
mistral7b,wildguardtest,31,0.8505002942907592,0.8159420289855073,0.746684350132626,0.9333333333333333,0.9219225857156892,0.9011774451277403,945,754,Hidden States Maha,
mistral7b,wildguardtest,32,0.857563272513243,0.8256484149855908,0.7599469496021221,0.9354497354497354,0.9239428515290583,0.9023872573227101,945,754,Hidden States Maha,
mistral7b_inst,wildguardtest,1,0.7910535609181871,0.7436823104693141,0.6830238726790451,0.8772486772486773,0.8371731716559303,0.8393629720060763,945,754,Hidden States Maha,32.0
mistral7b_inst,wildguardtest,2,0.7828134196586227,0.7284768211920529,0.656498673740053,0.8835978835978836,0.8524932283552973,0.8352861094847712,945,754,Hidden States Maha,32.0
mistral7b_inst,wildguardtest,3,0.7898763978811065,0.7357512953367875,0.6591511936339522,0.8941798941798942,0.8582038651004169,0.846981151238435,945,754,Hidden States Maha,32.0
mistral7b_inst,wildguardtest,4,0.7928193054738081,0.7365269461077845,0.6525198938992043,0.9047619047619048,0.8628492835389387,0.8498018502166662,945,754,Hidden States Maha,32.0
mistral7b_inst,wildguardtest,5,0.8169511477339612,0.7677371172516804,0.6816976127320955,0.9248677248677248,0.8951538882573364,0.8704971651000822,945,754,Hidden States Maha,32.0
mistral7b_inst,wildguardtest,6,0.8328428487345497,0.7914831130690162,0.7148541114058355,0.926984126984127,0.9032798619005515,0.8772050858120893,945,754,Hidden States Maha,32.0
mistral7b_inst,wildguardtest,7,0.8475573866980577,0.80997798972854,0.7320954907161804,0.9396825396825397,0.9172322568874294,0.8941244760000095,945,754,Hidden States Maha,32.0
mistral7b_inst,wildguardtest,8,0.8528546203649205,0.8175182481751825,0.7427055702917772,0.9407407407407408,0.9254143685178169,0.8998346346127482,945,754,Hidden States Maha,32.0
mistral7b_inst,wildguardtest,9,0.8658034137728076,0.8354978354978355,0.7679045092838196,0.9439153439153439,0.9341297910263427,0.9133010380398817,945,754,Hidden States Maha,32.0
mistral7b_inst,wildguardtest,10,0.8746321365509123,0.8464311463590483,0.7785145888594165,0.9513227513227513,0.9355269251820976,0.9136733765669269,945,754,Hidden States Maha,32.0
mistral7b_inst,wildguardtest,11,0.8763978811065333,0.8506401137980085,0.7931034482758621,0.9428571428571428,0.9385260971467868,0.9183886959080725,945,754,Hidden States Maha,32.0
mistral7b_inst,wildguardtest,12,0.8781636256621542,0.8530872959545777,0.7970822281167109,0.9428571428571428,0.940102171136654,0.9242932472824205,945,754,Hidden States Maha,32.0
mistral7b_inst,wildguardtest,13,0.886992348440259,0.8638297872340426,0.8076923076923077,0.9502645502645503,0.9474983509466267,0.9337579660970293,945,754,Hidden States Maha,32.0
mistral7b_inst,wildguardtest,14,0.8928781636256622,0.8723702664796634,0.8249336870026526,0.9470899470899471,0.9493045906839012,0.938251535815503,945,754,Hidden States Maha,32.0
mistral7b_inst,wildguardtest,15,0.8887580929958799,0.8675543097407148,0.8209549071618037,0.9428571428571428,0.9481060446577688,0.9338343019415142,945,754,Hidden States Maha,32.0
mistral7b_inst,wildguardtest,16,0.8905238375515009,0.8695652173913043,0.8222811671087533,0.944973544973545,0.9502140260760952,0.9394078149610722,945,754,Hidden States Maha,32.0
mistral7b_inst,wildguardtest,17,0.8940553266627428,0.8737727910238429,0.8262599469496021,0.9481481481481482,0.9496519444795307,0.942135806755621,945,754,Hidden States Maha,32.0
mistral7b_inst,wildguardtest,18,0.8893466745144203,0.8681626928471248,0.8209549071618037,0.9439153439153439,0.9474120387913493,0.9409314722906871,945,754,Hidden States Maha,32.0
mistral7b_inst,wildguardtest,19,0.885226603884638,0.8625792811839323,0.8116710875331565,0.9439153439153439,0.946358048082186,0.9353615349490156,945,754,Hidden States Maha,32.0
mistral7b_inst,wildguardtest,20,0.8893466745144203,0.8681626928471248,0.8209549071618037,0.9439153439153439,0.9460471839782184,0.9366222467742501,945,754,Hidden States Maha,32.0
mistral7b_inst,wildguardtest,21,0.886992348440259,0.8651685393258427,0.8169761273209549,0.9428571428571428,0.9457798268143096,0.9368254110690387,945,754,Hidden States Maha,32.0
mistral7b_inst,wildguardtest,22,0.885226603884638,0.8631578947368421,0.8156498673740054,0.9407407407407408,0.9421862939104318,0.9339032370273632,945,754,Hidden States Maha,32.0
mistral7b_inst,wildguardtest,23,0.8840494408475574,0.8621413575927221,0.8169761273209549,0.9375661375661376,0.9430725723829172,0.9358797093837553,945,754,Hidden States Maha,32.0
mistral7b_inst,wildguardtest,24,0.8840494408475574,0.861948142957253,0.8156498673740054,0.9386243386243386,0.9439567456808836,0.937025627737276,945,754,Hidden States Maha,32.0
mistral7b_inst,wildguardtest,25,0.8840494408475574,0.8623340321453529,0.8183023872679045,0.9365079365079365,0.9436241281068867,0.9356854380354745,945,754,Hidden States Maha,32.0
mistral7b_inst,wildguardtest,26,0.8805179517363155,0.8577435178696566,0.8116710875331565,0.9354497354497354,0.9427006582178995,0.9351124889689875,945,754,Hidden States Maha,32.0
mistral7b_inst,wildguardtest,27,0.8858151854031784,0.8641456582633054,0.8183023872679045,0.9396825396825397,0.9411933532623187,0.9331544517394448,945,754,Hidden States Maha,32.0
mistral7b_inst,wildguardtest,28,0.885226603884638,0.8639218422889045,0.8209549071618037,0.9365079365079365,0.9414922880440122,0.9324255820234901,945,754,Hidden States Maha,32.0
mistral7b_inst,wildguardtest,29,0.8811065332548558,0.8595271210013908,0.8196286472148541,0.9301587301587302,0.9397120121258051,0.9309145093778952,945,754,Hidden States Maha,32.0
mistral7b_inst,wildguardtest,30,0.8822836962919365,0.8609179415855355,0.8209549071618037,0.9312169312169312,0.9398607777918122,0.9298155196459824,945,754,Hidden States Maha,32.0
mistral7b_inst,wildguardtest,31,0.8793407886992348,0.8571428571428571,0.8156498673740054,0.9301587301587302,0.9377885843403084,0.9266739906411275,945,754,Hidden States Maha,32.0
mistral7b_inst,wildguardtest,32,0.8763978811065333,0.8531468531468531,0.8090185676392573,0.9301587301587302,0.93717387338077,0.9242138757044612,945,754,Hidden States Maha,32.0
olmo2_1124_7b,wildguardtest,0,0.6344908769864627,0.6164298949969117,0.6618037135278515,0.6126984126984127,0.6422403267230853,0.5453973944069274,945,754,Hidden States Maha,
olmo2_1124_7b,wildguardtest,1,0.7410241318422601,0.6857142857142857,0.636604774535809,0.8243386243386244,0.784414691311243,0.7781561218724451,945,754,Hidden States Maha,
olmo2_1124_7b,wildguardtest,2,0.7451442024720424,0.6790214974054856,0.6074270557029178,0.855026455026455,0.8126724488793454,0.791171021503883,945,754,Hidden States Maha,
olmo2_1124_7b,wildguardtest,3,0.7675103001765744,0.7067557535263549,0.6312997347480106,0.8761904761904762,0.8353388629250698,0.8176983319307876,945,754,Hidden States Maha,
olmo2_1124_7b,wildguardtest,4,0.7845791642142437,0.7272727272727273,0.6472148541114059,0.8941798941798942,0.8595995958064924,0.8404402710860125,945,754,Hidden States Maha,
olmo2_1124_7b,wildguardtest,5,0.7881106533254856,0.7325408618127786,0.6538461538461539,0.8952380952380953,0.8586508638232775,0.8333114003530558,945,754,Hidden States Maha,
olmo2_1124_7b,wildguardtest,6,0.807533843437316,0.7597354886113152,0.6856763925729443,0.9047619047619048,0.8832224608086677,0.8580485566970748,945,754,Hidden States Maha,
olmo2_1124_7b,wildguardtest,7,0.8216597998822837,0.7786705624543463,0.7068965517241379,0.9132275132275133,0.8956345697725009,0.8743602603454816,945,754,Hidden States Maha,
olmo2_1124_7b,wildguardtest,8,0.8304885226603884,0.7913043478260869,0.7241379310344828,0.9153439153439153,0.9021093848680055,0.8811140167224765,945,754,Hidden States Maha,
olmo2_1124_7b,wildguardtest,9,0.8316656856974691,0.7927536231884058,0.7254641909814323,0.9164021164021164,0.9036980899049863,0.8833752281651539,945,754,Hidden States Maha,
olmo2_1124_7b,wildguardtest,10,0.8363743378457916,0.7991329479768786,0.73342175066313,0.9185185185185185,0.9080579063337684,0.8855600920173101,945,754,Hidden States Maha,
olmo2_1124_7b,wildguardtest,11,0.85167745732784,0.8202567760342369,0.7625994694960212,0.9227513227513228,0.9184434339606753,0.8966241288937176,945,754,Hidden States Maha,
olmo2_1124_7b,wildguardtest,12,0.8546203649205415,0.8249468462083629,0.7718832891246684,0.9206349206349206,0.9230593799559317,0.9035098621102795,945,754,Hidden States Maha,
olmo2_1124_7b,wildguardtest,13,0.8522660388463802,0.8216062544420754,0.76657824933687,0.9206349206349206,0.9229534195051436,0.9077052710321016,945,754,Hidden States Maha,
olmo2_1124_7b,wildguardtest,14,0.8463802236609771,0.8158080451658434,0.76657824933687,0.91005291005291,0.9227288675564537,0.9055481697025554,945,754,Hidden States Maha,
olmo2_1124_7b,wildguardtest,15,0.8546203649205415,0.8261787473610134,0.7785145888594165,0.9153439153439153,0.9205675550503136,0.9024817224632184,945,754,Hidden States Maha,
olmo2_1124_7b,wildguardtest,16,0.8505002942907592,0.8201133144475921,0.7679045092838196,0.9164021164021164,0.9222973067800653,0.9060878437212038,945,754,Hidden States Maha,
olmo2_1124_7b,wildguardtest,17,0.8522660388463802,0.8213523131672598,0.7652519893899205,0.9216931216931217,0.9203373893029066,0.9013136485985275,945,754,Hidden States Maha,
olmo2_1124_7b,wildguardtest,18,0.8540317834020011,0.8226037195994278,0.7625994694960212,0.926984126984127,0.9231358679634541,0.9065587083757773,945,754,Hidden States Maha,
olmo2_1124_7b,wildguardtest,19,0.848145968216598,0.8149210903873745,0.753315649867374,0.9238095238095239,0.921608914712363,0.9070869068583095,945,754,Hidden States Maha,
olmo2_1124_7b,wildguardtest,20,0.8510888758092996,0.8183776022972002,0.7559681697612732,0.926984126984127,0.920218096080165,0.9035129210581252,945,754,Hidden States Maha,
olmo2_1124_7b,wildguardtest,21,0.8546203649205415,0.8239486813970064,0.76657824933687,0.9248677248677248,0.9188799068109412,0.9010285844201662,945,754,Hidden States Maha,
olmo2_1124_7b,wildguardtest,22,0.8552089464390819,0.8237822349570201,0.7625994694960212,0.9291005291005291,0.9199156526742732,0.9039415510392736,945,754,Hidden States Maha,
olmo2_1124_7b,wildguardtest,23,0.8534432018834609,0.8220157255182273,0.7625994694960212,0.9259259259259259,0.9211247245730005,0.9051006035783244,945,754,Hidden States Maha,
olmo2_1124_7b,wildguardtest,24,0.8528546203649205,0.821173104434907,0.7612732095490716,0.9259259259259259,0.9222109946247877,0.9065312896501427,945,754,Hidden States Maha,
olmo2_1124_7b,wildguardtest,25,0.8569746909947028,0.8263045032165832,0.76657824933687,0.9291005291005291,0.92363339087477,0.9062618633588906,945,754,Hidden States Maha,
olmo2_1124_7b,wildguardtest,26,0.8581518540317834,0.8264938804895609,0.7612732095490716,0.9354497354497354,0.9214250628043732,0.9054975497215151,945,754,Hidden States Maha,
olmo2_1124_7b,wildguardtest,27,0.8546203649205415,0.821917808219178,0.7559681697612732,0.9333333333333333,0.9225737863668898,0.907827285606706,945,754,Hidden States Maha,
olmo2_1124_7b,wildguardtest,28,0.8505002942907592,0.8172661870503597,0.753315649867374,0.928042328042328,0.9219457426353977,0.9056206256807487,945,754,Hidden States Maha,
olmo2_1124_7b,wildguardtest,29,0.8587404355503238,0.8283261802575107,0.7679045092838196,0.9312169312169312,0.9209198209198209,0.9040329469435926,945,754,Hidden States Maha,
olmo2_1124_7b,wildguardtest,30,0.857563272513243,0.826647564469914,0.7652519893899205,0.9312169312169312,0.9224671241912622,0.9044246856810021,945,754,Hidden States Maha,
olmo2_1124_7b,wildguardtest,31,0.8528546203649205,0.8214285714285714,0.7625994694960212,0.9248677248677248,0.9222166084235051,0.9040156257445285,945,754,Hidden States Maha,
olmo2_1124_7b,wildguardtest,32,0.8528546203649205,0.8204022988505747,0.7572944297082228,0.9291005291005291,0.9237260185536047,0.9064996826557414,945,754,Hidden States Maha,
olmo2_1124_7b_inst,wildguardtest,1,0.7875220718069452,0.7343635025754232,0.6618037135278515,0.8878306878306879,0.835222376601687,0.8209148618374738,945,754,Hidden States Maha,32.0
olmo2_1124_7b_inst,wildguardtest,2,0.7992937021777516,0.7457121551081283,0.6631299734748011,0.9079365079365079,0.8506750592957488,0.8345460434578592,945,754,Hidden States Maha,32.0
olmo2_1124_7b_inst,wildguardtest,3,0.7987051206592113,0.7443946188340808,0.6604774535809018,0.908994708994709,0.8618058187023705,0.8464073789744069,945,754,Hidden States Maha,32.0
olmo2_1124_7b_inst,wildguardtest,4,0.8128310771041789,0.7633928571428571,0.6803713527851459,0.9185185185185185,0.8816870868595007,0.8665074617843151,945,754,Hidden States Maha,32.0
olmo2_1124_7b_inst,wildguardtest,5,0.8216597998822837,0.774385703648548,0.6896551724137931,0.926984126984127,0.8822610977783392,0.8645347193928657,945,754,Hidden States Maha,32.0
olmo2_1124_7b_inst,wildguardtest,6,0.8346085932901707,0.792619926199262,0.7122015915119363,0.9322751322751323,0.9078445819825132,0.8856423490445199,945,754,Hidden States Maha,32.0
olmo2_1124_7b_inst,wildguardtest,7,0.8469688051795173,0.8102189781021898,0.7360742705570292,0.9354497354497354,0.9157551260999536,0.8971257550215108,945,754,Hidden States Maha,32.0
olmo2_1124_7b_inst,wildguardtest,8,0.8528546203649205,0.8183139534883721,0.746684350132626,0.9375661375661376,0.9254354202630066,0.9041858402741552,945,754,Hidden States Maha,32.0
olmo2_1124_7b_inst,wildguardtest,9,0.8658034137728076,0.8357348703170029,0.7692307692307693,0.9428571428571428,0.9284121370328267,0.9077070961294764,945,754,Hidden States Maha,32.0
olmo2_1124_7b_inst,wildguardtest,10,0.8746321365509123,0.8466522678185745,0.7798408488063661,0.9502645502645503,0.9362426845185465,0.9159816597698853,945,754,Hidden States Maha,32.0
olmo2_1124_7b_inst,wildguardtest,11,0.872277810476751,0.8446671438797423,0.7824933687002652,0.9439153439153439,0.941511234614683,0.9208811924423903,945,754,Hidden States Maha,32.0
olmo2_1124_7b_inst,wildguardtest,12,0.8875809299587993,0.8659649122807017,0.8183023872679045,0.9428571428571428,0.9445433876468359,0.9277456215017235,945,754,Hidden States Maha,32.0
olmo2_1124_7b_inst,wildguardtest,13,0.8917010005885815,0.871866295264624,0.830238726790451,0.9407407407407408,0.9454752782338989,0.9342192922312628,945,754,Hidden States Maha,32.0
olmo2_1124_7b_inst,wildguardtest,14,0.8946439081812831,0.8756080611535789,0.8355437665782494,0.9417989417989417,0.9450507347059071,0.93510914090808,945,754,Hidden States Maha,32.0
olmo2_1124_7b_inst,wildguardtest,15,0.8946439081812831,0.8762957843814789,0.8408488063660478,0.9375661375661376,0.9425722425722425,0.9342671776157659,945,754,Hidden States Maha,32.0
olmo2_1124_7b_inst,wildguardtest,16,0.8975868157739847,0.8793342579750347,0.8408488063660478,0.9428571428571428,0.944763729246488,0.9335936499819177,945,754,Hidden States Maha,32.0
olmo2_1124_7b_inst,wildguardtest,17,0.8987639788110653,0.8807212205270458,0.8421750663129973,0.9439153439153439,0.945163010680252,0.9344235413125117,945,754,Hidden States Maha,32.0
olmo2_1124_7b_inst,wildguardtest,18,0.9005297233666862,0.883367839889579,0.8488063660477454,0.9417989417989417,0.9457622836933182,0.9368220084215443,945,754,Hidden States Maha,32.0
olmo2_1124_7b_inst,wildguardtest,19,0.8993525603296056,0.8818244644091223,0.8461538461538461,0.9417989417989417,0.9444121651018202,0.934171557012615,945,754,Hidden States Maha,32.0
olmo2_1124_7b_inst,wildguardtest,20,0.899941141848146,0.8827586206896552,0.8488063660477454,0.9407407407407408,0.9445384755729583,0.9314489235014178,945,754,Hidden States Maha,32.0
olmo2_1124_7b_inst,wildguardtest,21,0.8987639788110653,0.8810511756569848,0.8448275862068966,0.9417989417989417,0.9418684125580676,0.9323673600717706,945,754,Hidden States Maha,32.0
olmo2_1124_7b_inst,wildguardtest,22,0.899941141848146,0.8827586206896552,0.8488063660477454,0.9407407407407408,0.9414312379829621,0.9320226067068784,945,754,Hidden States Maha,32.0
olmo2_1124_7b_inst,wildguardtest,23,0.8987639788110653,0.8810511756569848,0.8448275862068966,0.9417989417989417,0.9424985614640786,0.9353114802181179,945,754,Hidden States Maha,32.0
olmo2_1124_7b_inst,wildguardtest,24,0.8969982342554443,0.8790601243953006,0.843501326259947,0.9396825396825397,0.9437749989474126,0.9359081847331848,945,754,Hidden States Maha,32.0
olmo2_1124_7b_inst,wildguardtest,25,0.8975868157739847,0.8796680497925311,0.843501326259947,0.9407407407407408,0.9443890081821116,0.9382757397759284,945,754,Hidden States Maha,32.0
olmo2_1124_7b_inst,wildguardtest,26,0.8969982342554443,0.8788927335640139,0.8421750663129973,0.9407407407407408,0.9434641348434452,0.9377182103776951,945,754,Hidden States Maha,32.0
olmo2_1124_7b_inst,wildguardtest,27,0.8958210712183637,0.8773388773388774,0.8395225464190982,0.9407407407407408,0.9431294120949293,0.9398105747562473,945,754,Hidden States Maha,32.0
olmo2_1124_7b_inst,wildguardtest,28,0.898175397292525,0.8802768166089966,0.843501326259947,0.9417989417989417,0.941996126478885,0.9366933384509264,945,754,Hidden States Maha,32.0
olmo2_1124_7b_inst,wildguardtest,29,0.8993525603296056,0.8814968814968815,0.843501326259947,0.9439153439153439,0.9403295299847024,0.9329713386588394,945,754,Hidden States Maha,32.0
olmo2_1124_7b_inst,wildguardtest,30,0.899941141848146,0.8822714681440443,0.8448275862068966,0.9439153439153439,0.9395821930304687,0.9334928866642804,945,754,Hidden States Maha,32.0
olmo2_1124_7b_inst,wildguardtest,31,0.8987639788110653,0.8810511756569848,0.8448275862068966,0.9417989417989417,0.9410003789314134,0.9338834622201263,945,754,Hidden States Maha,32.0
olmo2_1124_7b_inst,wildguardtest,32,0.8975868157739847,0.8793342579750347,0.8408488063660478,0.9428571428571428,0.9410740600395772,0.9333275389956351,945,754,Hidden States Maha,32.0
olmo2_1124_13b_inst,wildguardtest,1,0.7551500882872277,0.7066290550070522,0.6644562334217506,0.8275132275132275,0.8085519206208862,0.7963820262045098,945,754,Hidden States Maha,40.0
olmo2_1124_13b_inst,wildguardtest,2,0.7969393761035903,0.7419596110695588,0.6578249336870027,0.9079365079365079,0.8472380110311146,0.8332944333560426,945,754,Hidden States Maha,40.0
olmo2_1124_13b_inst,wildguardtest,3,0.7975279576221307,0.7417417417417418,0.6551724137931034,0.9111111111111111,0.8577737077737079,0.8428098763592816,945,754,Hidden States Maha,40.0
olmo2_1124_13b_inst,wildguardtest,4,0.8069452619187758,0.755223880597015,0.6710875331564987,0.9153439153439153,0.8707050931188861,0.8551508102376615,945,754,Hidden States Maha,40.0
olmo2_1124_13b_inst,wildguardtest,5,0.8204826368452031,0.7749077490774908,0.6962864721485411,0.9195767195767196,0.8915350932592312,0.8719180992440779,945,754,Hidden States Maha,40.0
olmo2_1124_13b_inst,wildguardtest,6,0.836962919364332,0.7949666913397483,0.7122015915119363,0.9365079365079365,0.9036994933546658,0.8843724450414735,945,754,Hidden States Maha,40.0
olmo2_1124_13b_inst,wildguardtest,7,0.8487345497351383,0.8097705403404886,0.7254641909814323,0.9470899470899471,0.9166989460092908,0.8985886033041008,945,754,Hidden States Maha,40.0
olmo2_1124_13b_inst,wildguardtest,8,0.8563861094761624,0.8203240058910162,0.7387267904509284,0.9502645502645503,0.9277419898109552,0.9079991255034048,945,754,Hidden States Maha,40.0
olmo2_1124_13b_inst,wildguardtest,9,0.8581518540317834,0.8239590942293645,0.7480106100795756,0.946031746031746,0.9335487628591079,0.9076839445677078,945,754,Hidden States Maha,40.0
olmo2_1124_13b_inst,wildguardtest,10,0.8622719246615657,0.8306801736613604,0.7612732095490716,0.9428571428571428,0.9364875864875866,0.9163260282559021,945,754,Hidden States Maha,40.0
olmo2_1124_13b_inst,wildguardtest,11,0.8816951147733961,0.8573456352022711,0.8010610079575596,0.946031746031746,0.9473881801468009,0.9307593886476375,945,754,Hidden States Maha,40.0
olmo2_1124_13b_inst,wildguardtest,12,0.8893466745144203,0.8668555240793201,0.8116710875331565,0.9513227513227513,0.9507796162968577,0.9375388607159807,945,754,Hidden States Maha,40.0
olmo2_1124_13b_inst,wildguardtest,13,0.8917010005885815,0.8702397743300423,0.8183023872679045,0.9502645502645503,0.9490077610767266,0.9397835696210187,945,754,Hidden States Maha,40.0
olmo2_1124_13b_inst,wildguardtest,14,0.8952324896998234,0.8755244755244755,0.830238726790451,0.9470899470899471,0.9509508371577337,0.9348041273544688,945,754,Hidden States Maha,40.0
olmo2_1124_13b_inst,wildguardtest,15,0.8975868157739847,0.8779803646563815,0.830238726790451,0.9513227513227513,0.9515283567007704,0.939517893746635,945,754,Hidden States Maha,40.0
olmo2_1124_13b_inst,wildguardtest,16,0.8987639788110653,0.8797202797202798,0.8342175066312998,0.9502645502645503,0.9501522742902052,0.9363605195749339,945,754,Hidden States Maha,40.0
olmo2_1124_13b_inst,wildguardtest,17,0.8987639788110653,0.8800557880055788,0.8368700265251989,0.9481481481481482,0.9513753806857254,0.940095499966441,945,754,Hidden States Maha,40.0
olmo2_1124_13b_inst,wildguardtest,18,0.8993525603296056,0.8808362369337979,0.8381962864721485,0.9481481481481482,0.9509220664393078,0.93988450092347,945,754,Hidden States Maha,40.0
olmo2_1124_13b_inst,wildguardtest,19,0.901706886403767,0.8834612700628053,0.8395225464190982,0.9513227513227513,0.9498561464078705,0.9383485015243734,945,754,Hidden States Maha,40.0
olmo2_1124_13b_inst,wildguardtest,20,0.8969982342554443,0.8782185107863605,0.8368700265251989,0.944973544973545,0.9499459671873466,0.9402219850115907,945,754,Hidden States Maha,40.0
olmo2_1124_13b_inst,wildguardtest,21,0.8975868157739847,0.8783216783216783,0.8328912466843501,0.9492063492063492,0.9482021809608016,0.9356141376465366,945,754,Hidden States Maha,40.0
olmo2_1124_13b_inst,wildguardtest,22,0.8987639788110653,0.8800557880055788,0.8368700265251989,0.9481481481481482,0.9465889155544328,0.936191073444947,945,754,Hidden States Maha,40.0
olmo2_1124_13b_inst,wildguardtest,23,0.8993525603296056,0.8810020876826722,0.8395225464190982,0.9470899470899471,0.9477229028953166,0.9343014726588659,945,754,Hidden States Maha,40.0
olmo2_1124_13b_inst,wildguardtest,24,0.9005297233666862,0.8823938761308281,0.8408488063660478,0.9481481481481482,0.9484098915133399,0.9328123424588878,945,754,Hidden States Maha,40.0
olmo2_1124_13b_inst,wildguardtest,25,0.9005297233666862,0.8822299651567944,0.8395225464190982,0.9492063492063492,0.9471825747687818,0.9352812329548421,945,754,Hidden States Maha,40.0
olmo2_1124_13b_inst,wildguardtest,26,0.9005297233666862,0.8822299651567944,0.8395225464190982,0.9492063492063492,0.948397260466226,0.9348808301265495,945,754,Hidden States Maha,40.0
olmo2_1124_13b_inst,wildguardtest,27,0.9034726309593879,0.8861111111111111,0.8461538461538461,0.9492063492063492,0.9495747547471685,0.9369823885510777,945,754,Hidden States Maha,40.0
olmo2_1124_13b_inst,wildguardtest,28,0.9028840494408475,0.8853370396108409,0.8448275862068966,0.9492063492063492,0.949500371914165,0.9335630223655857,945,754,Hidden States Maha,40.0
olmo2_1124_13b_inst,wildguardtest,29,0.9011183048852266,0.883495145631068,0.8448275862068966,0.946031746031746,0.9484070846139812,0.9353605692947329,945,754,Hidden States Maha,40.0
olmo2_1124_13b_inst,wildguardtest,30,0.9046497939964685,0.8878116343490304,0.850132625994695,0.9481481481481482,0.9475404544370062,0.9350299599360561,945,754,Hidden States Maha,40.0
olmo2_1124_13b_inst,wildguardtest,31,0.9034726309593879,0.8862690707350902,0.8474801061007957,0.9481481481481482,0.9475769441286683,0.9381165987402418,945,754,Hidden States Maha,40.0
olmo2_1124_13b_inst,wildguardtest,32,0.9028840494408475,0.8856548856548857,0.8474801061007957,0.9470899470899471,0.9480042945560188,0.9399169407813059,945,754,Hidden States Maha,40.0
olmo2_1124_13b_inst,wildguardtest,33,0.9034726309593879,0.8862690707350902,0.8474801061007957,0.9481481481481482,0.9486147951665194,0.9406233591139974,945,754,Hidden States Maha,40.0
olmo2_1124_13b_inst,wildguardtest,34,0.9040612124779281,0.887040887040887,0.8488063660477454,0.9481481481481482,0.947795882278641,0.9360140874941547,945,754,Hidden States Maha,40.0
olmo2_1124_13b_inst,wildguardtest,35,0.9040612124779281,0.887040887040887,0.8488063660477454,0.9481481481481482,0.9475278233898924,0.9366504516764245,945,754,Hidden States Maha,40.0
olmo2_1124_13b_inst,wildguardtest,36,0.9028840494408475,0.8856548856548857,0.8474801061007957,0.9470899470899471,0.9479748221127532,0.9364229938981404,945,754,Hidden States Maha,40.0
olmo2_1124_13b_inst,wildguardtest,37,0.9034726309593879,0.8864265927977839,0.8488063660477454,0.9470899470899471,0.9474450198588129,0.9366391477763554,945,754,Hidden States Maha,40.0
olmo2_1124_13b_inst,wildguardtest,38,0.9052383755150089,0.8887353144436766,0.8527851458885941,0.9470899470899471,0.946831010624114,0.9363052587721719,945,754,Hidden States Maha,40.0
olmo2_1124_13b_inst,wildguardtest,39,0.9034726309593879,0.8865836791147994,0.850132625994695,0.946031746031746,0.946855570993502,0.9353211819141655,945,754,Hidden States Maha,40.0
olmo2_1124_13b_inst,wildguardtest,40,0.9022954679223072,0.8852005532503457,0.8488063660477454,0.944973544973545,0.9468211864763588,0.9372259017724072,945,754,Hidden States Maha,40.0
mistral12b_inst,wildguardtest,1,0.7898763978811065,0.7411167512690355,0.6777188328912467,0.8793650793650793,0.843199584578895,0.8377197009785576,945,754,Hidden States Maha,40.0
mistral12b_inst,wildguardtest,2,0.7910535609181871,0.7340823970037453,0.649867374005305,0.9037037037037037,0.8570256690946345,0.8393555752553148,945,754,Hidden States Maha,40.0
mistral12b_inst,wildguardtest,3,0.8057680988816951,0.7548291233283804,0.6737400530503979,0.9111111111111111,0.8737912789636928,0.8530108567609018,945,754,Hidden States Maha,40.0
mistral12b_inst,wildguardtest,4,0.8087110064743968,0.7594374537379719,0.6803713527851459,0.9111111111111111,0.8822372391337909,0.8603430383279399,945,754,Hidden States Maha,40.0
mistral12b_inst,wildguardtest,5,0.8375515008828722,0.7976539589442815,0.7214854111405835,0.9301587301587302,0.9071568916396503,0.8817393580736752,945,754,Hidden States Maha,40.0
mistral12b_inst,wildguardtest,6,0.8428487345497352,0.8032424465733236,0.7228116710875332,0.9386243386243386,0.9136225843122396,0.8896355190076327,945,754,Hidden States Maha,40.0
mistral12b_inst,wildguardtest,7,0.8493231312536786,0.813953488372093,0.7427055702917772,0.9343915343915344,0.9220425806632702,0.9004731189658987,945,754,Hidden States Maha,40.0
mistral12b_inst,wildguardtest,8,0.8587404355503238,0.8258345428156749,0.7546419098143236,0.9417989417989417,0.9306787082649151,0.9130241005056414,945,754,Hidden States Maha,40.0
mistral12b_inst,wildguardtest,9,0.8728663919952914,0.8448275862068966,0.7798408488063661,0.9470899470899471,0.9326393274669138,0.91307656896409,945,754,Hidden States Maha,40.0
mistral12b_inst,wildguardtest,10,0.8716892289582107,0.8451704545454546,0.7891246684350133,0.9375661375661376,0.9361907568804121,0.9173860064588425,945,754,Hidden States Maha,40.0
mistral12b_inst,wildguardtest,11,0.8716892289582107,0.8451704545454546,0.7891246684350133,0.9375661375661376,0.9378433188778017,0.91841890541528,945,754,Hidden States Maha,40.0
mistral12b_inst,wildguardtest,12,0.8828722778104767,0.8589652728561304,0.8037135278514589,0.946031746031746,0.9448830224692294,0.9262204993824158,945,754,Hidden States Maha,40.0
mistral12b_inst,wildguardtest,13,0.8840494408475574,0.8611698379140239,0.8103448275862069,0.9428571428571428,0.945038805383633,0.9288324338902827,945,754,Hidden States Maha,40.0
mistral12b_inst,wildguardtest,14,0.8881695114773396,0.8667601683029453,0.8196286472148541,0.9428571428571428,0.9493712545436684,0.9302510466895152,945,754,Hidden States Maha,40.0
mistral12b_inst,wildguardtest,15,0.886992348440259,0.865546218487395,0.8196286472148541,0.9407407407407408,0.9491691577898476,0.9308759644758704,945,754,Hidden States Maha,40.0
mistral12b_inst,wildguardtest,16,0.8946439081812831,0.8743859649122807,0.8262599469496021,0.9492063492063492,0.9511739856567444,0.9345134010771102,945,754,Hidden States Maha,40.0
mistral12b_inst,wildguardtest,17,0.8975868157739847,0.8781512605042017,0.8315649867374005,0.9502645502645503,0.9520020209675383,0.9383948554956554,945,754,Hidden States Maha,40.0
mistral12b_inst,wildguardtest,18,0.8964096527369041,0.8770949720670391,0.8328912466843501,0.9470899470899471,0.9502112191767363,0.9380649684565446,945,754,Hidden States Maha,40.0
mistral12b_inst,wildguardtest,19,0.8922895821071218,0.8719384184744576,0.8262599469496021,0.944973544973545,0.9478632478632477,0.9369864642756985,945,754,Hidden States Maha,40.0
mistral12b_inst,wildguardtest,20,0.8952324896998234,0.8756983240223464,0.8315649867374005,0.946031746031746,0.9481818309404516,0.9347490446279125,945,754,Hidden States Maha,40.0
mistral12b_inst,wildguardtest,21,0.8975868157739847,0.8784916201117319,0.8342175066312998,0.9481481481481482,0.9467538208917518,0.9327485466611085,945,754,Hidden States Maha,40.0
mistral12b_inst,wildguardtest,22,0.8964096527369041,0.8774373259052924,0.8355437665782494,0.944973544973545,0.9449454759799588,0.9306608521667269,945,754,Hidden States Maha,40.0
mistral12b_inst,wildguardtest,23,0.8905238375515009,0.871191135734072,0.8342175066312998,0.9354497354497354,0.9460913926431169,0.9306884888906845,945,754,Hidden States Maha,40.0
mistral12b_inst,wildguardtest,24,0.8922895821071218,0.872651356993737,0.8315649867374005,0.9407407407407408,0.9456493059941337,0.9292873745909603,945,754,Hidden States Maha,40.0
mistral12b_inst,wildguardtest,25,0.8946439081812831,0.8757807078417765,0.8368700265251989,0.9407407407407408,0.9430143292212259,0.9300504060748644,945,754,Hidden States Maha,40.0
mistral12b_inst,wildguardtest,26,0.8917010005885815,0.8720445062586927,0.8315649867374005,0.9396825396825397,0.9451412572102229,0.9329077877062216,945,754,Hidden States Maha,40.0
mistral12b_inst,wildguardtest,27,0.8887580929958799,0.8684759916492694,0.8275862068965517,0.9375661375661376,0.9443735702356393,0.9325598872618881,945,754,Hidden States Maha,40.0
mistral12b_inst,wildguardtest,28,0.8881695114773396,0.8678720445062587,0.8275862068965517,0.9365079365079365,0.9435153607567403,0.9312815514841506,945,754,Hidden States Maha,40.0
mistral12b_inst,wildguardtest,29,0.8875809299587993,0.8661527680448493,0.8196286472148541,0.9417989417989417,0.9427273237618066,0.9281084281748085,945,754,Hidden States Maha,40.0
mistral12b_inst,wildguardtest,30,0.8887580929958799,0.8673684210526316,0.8196286472148541,0.9439153439153439,0.9414417638555569,0.9272156944483417,945,754,Hidden States Maha,40.0
mistral12b_inst,wildguardtest,31,0.8905238375515009,0.8699300699300699,0.8249336870026526,0.9428571428571428,0.9431757259343465,0.9291786998802622,945,754,Hidden States Maha,40.0
mistral12b_inst,wildguardtest,32,0.8917010005885815,0.8713286713286713,0.8262599469496021,0.9439153439153439,0.9432171276998862,0.9303920587699905,945,754,Hidden States Maha,40.0
mistral12b_inst,wildguardtest,33,0.8946439081812831,0.8756080611535789,0.8355437665782494,0.9417989417989417,0.9433876468359227,0.9317779056345892,945,754,Hidden States Maha,40.0
mistral12b_inst,wildguardtest,34,0.8905238375515009,0.8708333333333333,0.8315649867374005,0.9375661375661376,0.9431062551752207,0.9316043024771138,945,754,Hidden States Maha,40.0
mistral12b_inst,wildguardtest,35,0.8899352560329605,0.8695045359385903,0.8262599469496021,0.9407407407407408,0.9425294373570237,0.9304860465683543,945,754,Hidden States Maha,40.0
mistral12b_inst,wildguardtest,36,0.8875809299587993,0.8665269042627534,0.8222811671087533,0.9396825396825397,0.942655046103322,0.929841830040021,945,754,Hidden States Maha,40.0
mistral12b_inst,wildguardtest,37,0.886992348440259,0.8657342657342657,0.8209549071618037,0.9396825396825397,0.9418845522293797,0.9303697423498913,945,754,Hidden States Maha,40.0
mistral12b_inst,wildguardtest,38,0.8846380223660977,0.8631284916201117,0.8196286472148541,0.9365079365079365,0.9421420852455337,0.9306579933749703,945,754,Hidden States Maha,40.0
mistral12b_inst,wildguardtest,39,0.8858151854031784,0.8647140864714087,0.8222811671087533,0.9365079365079365,0.940483207724587,0.9314285547249442,945,754,Hidden States Maha,40.0
mistral12b_inst,wildguardtest,40,0.8816951147733961,0.8593421973407978,0.8143236074270557,0.9354497354497354,0.9411694946177706,0.9320481188950269,945,754,Hidden States Maha,40.0
olmo2_0325_32b_inst,wildguardtest,1,0.6397881106533255,0.6136363636363636,0.6445623342175066,0.635978835978836,0.671808906291665,0.6024878946099688,945,754,Hidden States Maha,60.0
olmo2_0325_32b_inst,wildguardtest,2,0.7533843437316068,0.7043048694424842,0.6618037135278515,0.8264550264550264,0.79928634583807,0.7939381007325275,945,754,Hidden States Maha,60.0
olmo2_0325_32b_inst,wildguardtest,3,0.7698646262507357,0.7110125646711013,0.6379310344827587,0.8751322751322751,0.8172982190223569,0.8095020665650455,945,754,Hidden States Maha,60.0
olmo2_0325_32b_inst,wildguardtest,4,0.7745732783990583,0.7230657989877078,0.6631299734748011,0.8634920634920635,0.827184118563429,0.8122820935336065,945,754,Hidden States Maha,60.0
olmo2_0325_32b_inst,wildguardtest,5,0.7757504414361389,0.7216946676406136,0.6551724137931034,0.8719576719576719,0.8326835361318118,0.8169465777504067,945,754,Hidden States Maha,60.0
olmo2_0325_32b_inst,wildguardtest,6,0.7763390229546793,0.7238372093023255,0.6604774535809018,0.8687830687830688,0.837167557857213,0.8222435028305846,945,754,Hidden States Maha,60.0
olmo2_0325_32b_inst,wildguardtest,7,0.7804590935844614,0.7271397220190198,0.6591511936339522,0.8772486772486773,0.8389366061779855,0.8212931405365957,945,754,Hidden States Maha,60.0
olmo2_0325_32b_inst,wildguardtest,8,0.7934078869923484,0.7394209354120267,0.6604774535809018,0.8994708994708994,0.8465566362118085,0.8301798334983985,945,754,Hidden States Maha,60.0
olmo2_0325_32b_inst,wildguardtest,9,0.7987051206592113,0.7474150664697193,0.6710875331564987,0.9005291005291005,0.8474281784626613,0.8333217434430219,945,754,Hidden States Maha,60.0
olmo2_0325_32b_inst,wildguardtest,10,0.8057680988816951,0.7544642857142857,0.6724137931034483,0.9121693121693122,0.8739484653277756,0.8561950883743064,945,754,Hidden States Maha,60.0
olmo2_0325_32b_inst,wildguardtest,11,0.8140082401412596,0.7645305514157973,0.6803713527851459,0.9206349206349206,0.88452275693655,0.8647956248561157,945,754,Hidden States Maha,60.0
olmo2_0325_32b_inst,wildguardtest,12,0.8140082401412596,0.7659259259259259,0.6856763925729443,0.9164021164021164,0.8832673711984058,0.8631274086289167,945,754,Hidden States Maha,60.0
olmo2_0325_32b_inst,wildguardtest,13,0.8122424955856387,0.7631774313288789,0.6816976127320955,0.9164021164021164,0.8795762985418156,0.859564419535997,945,754,Hidden States Maha,60.0
olmo2_0325_32b_inst,wildguardtest,14,0.8181283107710418,0.7695749440715883,0.6843501326259946,0.9248677248677248,0.8853655284689768,0.8653136232359795,945,754,Hidden States Maha,60.0
olmo2_0325_32b_inst,wildguardtest,15,0.8228369629193644,0.7768717568569311,0.6949602122015915,0.9248677248677248,0.900238586445483,0.8794387313845007,945,754,Hidden States Maha,60.0
olmo2_0325_32b_inst,wildguardtest,16,0.835197174808711,0.7919762258543833,0.7068965517241379,0.9375661375661376,0.9055576607300745,0.8863014130770714,945,754,Hidden States Maha,60.0
olmo2_0325_32b_inst,wildguardtest,17,0.8346085932901707,0.791388270230141,0.7068965517241379,0.9365079365079365,0.9070137397723604,0.8861717841681237,945,754,Hidden States Maha,60.0
olmo2_0325_32b_inst,wildguardtest,18,0.8434373160682754,0.8049853372434017,0.7281167108753316,0.9354497354497354,0.9165614079407183,0.8925072976888256,945,754,Hidden States Maha,60.0
olmo2_0325_32b_inst,wildguardtest,19,0.8440258975868158,0.8044280442804428,0.7228116710875332,0.9407407407407408,0.9174540019367606,0.8942449601712316,945,754,Hidden States Maha,60.0
olmo2_0325_32b_inst,wildguardtest,20,0.8475573866980577,0.8094186902133922,0.7294429708222812,0.9417989417989417,0.9219029374201788,0.8977214714739749,945,754,Hidden States Maha,60.0
olmo2_0325_32b_inst,wildguardtest,21,0.8440258975868158,0.805575935436537,0.7281167108753316,0.9365079365079365,0.9202994961615651,0.8945764293840038,945,754,Hidden States Maha,60.0
olmo2_0325_32b_inst,wildguardtest,22,0.8510888758092996,0.8149231894659839,0.7387267904509284,0.9407407407407408,0.9231063955201887,0.9009648244128106,945,754,Hidden States Maha,60.0
olmo2_0325_32b_inst,wildguardtest,23,0.8616833431430253,0.8298334540188269,0.7599469496021221,0.9428571428571428,0.9296429624015831,0.9071842943733802,945,754,Hidden States Maha,60.0
olmo2_0325_32b_inst,wildguardtest,24,0.8640376692171866,0.8334534967555876,0.76657824933687,0.9417989417989417,0.9332315832315833,0.909053044423035,945,754,Hidden States Maha,60.0
olmo2_0325_32b_inst,wildguardtest,25,0.8693349028840495,0.840057636887608,0.773209549071618,0.946031746031746,0.9382601434325573,0.9147874981536817,945,754,Hidden States Maha,60.0
olmo2_0325_32b_inst,wildguardtest,26,0.872277810476751,0.8444444444444444,0.7811671087533156,0.944973544973545,0.9386566179669629,0.9142336914108626,945,754,Hidden States Maha,60.0
olmo2_0325_32b_inst,wildguardtest,27,0.872277810476751,0.8444444444444444,0.7811671087533156,0.944973544973545,0.9378861240930205,0.915863896311238,945,754,Hidden States Maha,60.0
olmo2_0325_32b_inst,wildguardtest,28,0.8758092995879929,0.8498220640569395,0.7917771883289124,0.9428571428571428,0.9415400053331088,0.9204279309072041,945,754,Hidden States Maha,60.0
olmo2_0325_32b_inst,wildguardtest,29,0.8758092995879929,0.8487455197132616,0.7851458885941645,0.9481481481481482,0.9431252017458914,0.9219508955086461,945,754,Hidden States Maha,60.0
olmo2_0325_32b_inst,wildguardtest,30,0.8816951147733961,0.8571428571428571,0.7997347480106101,0.9470899470899471,0.9436409695030386,0.9265918512833948,945,754,Hidden States Maha,60.0
olmo2_0325_32b_inst,wildguardtest,31,0.8893466745144203,0.867231638418079,0.8143236074270557,0.9492063492063492,0.9488204005445385,0.9359206927074941,945,754,Hidden States Maha,60.0
olmo2_0325_32b_inst,wildguardtest,32,0.8899352560329605,0.868402533427164,0.8183023872679045,0.9470899470899471,0.9483523500764881,0.9364594316166566,945,754,Hidden States Maha,60.0
olmo2_0325_32b_inst,wildguardtest,33,0.8928781636256622,0.8725490196078431,0.8262599469496021,0.946031746031746,0.9480751687648239,0.9380030410919351,945,754,Hidden States Maha,60.0
olmo2_0325_32b_inst,wildguardtest,34,0.8940553266627428,0.8735955056179775,0.8249336870026526,0.9492063492063492,0.9502350778212847,0.9379701216491845,945,754,Hidden States Maha,60.0
olmo2_0325_32b_inst,wildguardtest,35,0.9058269570335491,0.8885793871866295,0.8461538461538461,0.9534391534391534,0.9517879948914432,0.934480938925563,945,754,Hidden States Maha,60.0
olmo2_0325_32b_inst,wildguardtest,36,0.9064155385520895,0.8895066018068103,0.8488063660477454,0.9523809523809523,0.9527191837536666,0.9334603779200594,945,754,Hidden States Maha,60.0
olmo2_0325_32b_inst,wildguardtest,37,0.9046497939964685,0.8873435326842837,0.8461538461538461,0.9513227513227513,0.9522756936550041,0.9334443178321076,945,754,Hidden States Maha,60.0
olmo2_0325_32b_inst,wildguardtest,38,0.9034726309593879,0.8865836791147994,0.850132625994695,0.946031746031746,0.9532651256789189,0.93176326657003,945,754,Hidden States Maha,60.0
olmo2_0325_32b_inst,wildguardtest,39,0.90759270158917,0.8917987594762233,0.8580901856763926,0.9470899470899471,0.9532209170140205,0.9368330670727129,945,754,Hidden States Maha,60.0
olmo2_0325_32b_inst,wildguardtest,40,0.9081812831077104,0.8924137931034483,0.8580901856763926,0.9481481481481482,0.9513753806857256,0.9398810820438933,945,754,Hidden States Maha,60.0
olmo2_0325_32b_inst,wildguardtest,41,0.9081812831077104,0.8925619834710744,0.8594164456233422,0.9470899470899471,0.9514223962499825,0.9359960047729463,945,754,Hidden States Maha,60.0
olmo2_0325_32b_inst,wildguardtest,42,0.90759270158917,0.8914996544574982,0.8554376657824934,0.9492063492063492,0.9505129608577884,0.9332135648142126,945,754,Hidden States Maha,60.0
olmo2_0325_32b_inst,wildguardtest,43,0.9070041200706298,0.8907330567081605,0.8541114058355438,0.9492063492063492,0.9507740024981404,0.9343460953224252,945,754,Hidden States Maha,60.0
olmo2_0325_32b_inst,wildguardtest,44,0.9052383755150089,0.8888888888888888,0.8541114058355438,0.946031746031746,0.9504168245547555,0.9364706212735826,945,754,Hidden States Maha,60.0
olmo2_0325_32b_inst,wildguardtest,45,0.9052383755150089,0.8887353144436766,0.8527851458885941,0.9470899470899471,0.9497382566348084,0.9389354136075846,945,754,Hidden States Maha,60.0
olmo2_0325_32b_inst,wildguardtest,46,0.9064155385520895,0.8904203997243281,0.8567639257294429,0.946031746031746,0.950211920901576,0.9367933067129521,945,754,Hidden States Maha,60.0
olmo2_0325_32b_inst,wildguardtest,47,0.9064155385520895,0.8904203997243281,0.8567639257294429,0.946031746031746,0.9503571779433847,0.9397902403498531,945,754,Hidden States Maha,60.0
olmo2_0325_32b_inst,wildguardtest,48,0.9052383755150089,0.8893470790378006,0.8580901856763926,0.9428571428571428,0.9504905056629195,0.9398754125345513,945,754,Hidden States Maha,60.0
olmo2_0325_32b_inst,wildguardtest,49,0.9058269570335491,0.8898071625344353,0.8567639257294429,0.944973544973545,0.9491340715478647,0.9371769241260371,945,754,Hidden States Maha,60.0
olmo2_0325_32b_inst,wildguardtest,50,0.9058269570335491,0.889958734525447,0.8580901856763926,0.9439153439153439,0.9501950795054244,0.9368012496505898,945,754,Hidden States Maha,60.0
olmo2_0325_32b_inst,wildguardtest,51,0.9058269570335491,0.8898071625344353,0.8567639257294429,0.944973544973545,0.9500975397527122,0.935804030929533,945,754,Hidden States Maha,60.0
olmo2_0325_32b_inst,wildguardtest,52,0.9058269570335491,0.8896551724137931,0.8554376657824934,0.946031746031746,0.949437216678596,0.9328250297879517,945,754,Hidden States Maha,60.0
olmo2_0325_32b_inst,wildguardtest,53,0.9034726309593879,0.8865836791147994,0.850132625994695,0.946031746031746,0.9498175515416896,0.9326999270896803,945,754,Hidden States Maha,60.0
olmo2_0325_32b_inst,wildguardtest,54,0.9034726309593879,0.8865836791147994,0.850132625994695,0.946031746031746,0.9505845367914334,0.9330233319252262,945,754,Hidden States Maha,60.0
olmo2_0325_32b_inst,wildguardtest,55,0.899941141848146,0.8822714681440443,0.8448275862068966,0.9439153439153439,0.9499929827516035,0.9316030681586366,945,754,Hidden States Maha,60.0
olmo2_0325_32b_inst,wildguardtest,56,0.9005297233666862,0.8830449826989619,0.8461538461538461,0.9439153439153439,0.9481207808794014,0.9271077987344744,945,754,Hidden States Maha,60.0
olmo2_0325_32b_inst,wildguardtest,57,0.9005297233666862,0.8828828828828829,0.8448275862068966,0.944973544973545,0.9475664182560734,0.9239673505172487,945,754,Hidden States Maha,60.0
olmo2_0325_32b_inst,wildguardtest,58,0.8987639788110653,0.8807212205270458,0.8421750663129973,0.9439153439153439,0.9464808499291257,0.9266209116869576,945,754,Hidden States Maha,60.0
olmo2_0325_32b_inst,wildguardtest,59,0.899941141848146,0.8821081830790569,0.843501326259947,0.944973544973545,0.9458457889492371,0.9276297419240055,945,754,Hidden States Maha,60.0
olmo2_0325_32b_inst,wildguardtest,60,0.898175397292525,0.8804422944022114,0.8448275862068966,0.9407407407407408,0.9442304183683493,0.926567613177092,945,754,Hidden States Maha,60.0
qwen3_8b,wildguardtest,1,0.7775161859917599,0.7264833574529667,0.6657824933687002,0.8666666666666667,0.8341908410873928,0.8264376900788226,945,754,Hidden States Maha,
qwen3_8b,wildguardtest,2,0.7904649793996469,0.7378497790868925,0.6644562334217506,0.891005291005291,0.8546285770423702,0.8395505781536114,945,754,Hidden States Maha,
qwen3_8b,wildguardtest,3,0.8028251912889935,0.7512991833704529,0.6710875331564987,0.9079365079365079,0.8630134871514182,0.8446287975396862,945,754,Hidden States Maha,
qwen3_8b,wildguardtest,4,0.8063566804002354,0.7561156412157154,0.6763925729442971,0.91005291005291,0.8710573589883934,0.852335402250226,945,754,Hidden States Maha,
qwen3_8b,wildguardtest,5,0.811065332548558,0.7620459599703484,0.6816976127320955,0.9142857142857143,0.8690876173634794,0.8472984365640281,945,754,Hidden States Maha,
qwen3_8b,wildguardtest,6,0.8145968216597999,0.7657992565055762,0.6830238726790451,0.9195767195767196,0.8730334161368645,0.8508338939768538,945,754,Hidden States Maha,
qwen3_8b,wildguardtest,7,0.8140082401412596,0.764179104477612,0.6790450928381963,0.9216931216931217,0.8727709710468332,0.8471958153222916,945,754,Hidden States Maha,
qwen3_8b,wildguardtest,8,0.8181283107710418,0.7702602230483271,0.6870026525198939,0.9227513227513228,0.8793868328351087,0.8552551165868714,945,754,Hidden States Maha,
qwen3_8b,wildguardtest,9,0.8246027074749853,0.7779433681073026,0.6923076923076923,0.9301587301587302,0.8996287875598221,0.8722065711643461,945,754,Hidden States Maha,
qwen3_8b,wildguardtest,10,0.8416715715126545,0.802930402930403,0.726790450928382,0.9333333333333333,0.9105441174406692,0.8809253129883015,945,754,Hidden States Maha,
qwen3_8b,wildguardtest,11,0.8393172454384933,0.8008752735229759,0.7281167108753316,0.928042328042328,0.9090620745793161,0.8821716527421692,945,754,Hidden States Maha,
qwen3_8b,wildguardtest,12,0.8446144791053561,0.8078602620087336,0.7360742705570292,0.9312169312169312,0.9085427981979706,0.8830629636724819,945,754,Hidden States Maha,
qwen3_8b,wildguardtest,13,0.8469688051795173,0.8099415204678363,0.7347480106100795,0.9365079365079365,0.9124752641994021,0.8877885988950938,945,754,Hidden States Maha,
qwen3_8b,wildguardtest,14,0.8505002942907592,0.8151382823871907,0.7427055702917772,0.9365079365079365,0.9170484049794395,0.8904950808135149,945,754,Hidden States Maha,
qwen3_8b,wildguardtest,15,0.8540317834020011,0.8200290275761973,0.7493368700265252,0.9375661375661376,0.9224495810702708,0.9017222353474119,945,754,Hidden States Maha,
qwen3_8b,wildguardtest,16,0.8569746909947028,0.8250539956803455,0.7599469496021221,0.9343915343915344,0.9257911947567119,0.9079288162081596,945,754,Hidden States Maha,
qwen3_8b,wildguardtest,17,0.8716892289582107,0.844950213371266,0.7877984084880637,0.9386243386243386,0.9330280830280832,0.9139935375514396,945,754,Hidden States Maha,
qwen3_8b,wildguardtest,18,0.8652148322542672,0.8367783321454028,0.7785145888594165,0.9343915343915344,0.9328414242207347,0.9151705126516171,945,754,Hidden States Maha,
qwen3_8b,wildguardtest,19,0.8811065332548558,0.8571428571428571,0.8037135278514589,0.9428571428571428,0.940387773146394,0.9267631360145386,945,754,Hidden States Maha,
qwen3_8b,wildguardtest,20,0.8846380223660977,0.8609929078014185,0.8050397877984085,0.9481481481481482,0.9402825144204454,0.9250793896796075,945,754,Hidden States Maha,
qwen3_8b,wildguardtest,21,0.8840494408475574,0.8599857853589197,0.8023872679045093,0.9492063492063492,0.942153312842968,0.9277231835057775,945,754,Hidden States Maha,
qwen3_8b,wildguardtest,22,0.8769864626250736,0.8525052928722654,0.8010610079575596,0.9375661375661376,0.9406824975790493,0.9288302073284547,945,754,Hidden States Maha,
qwen3_8b,wildguardtest,23,0.8822836962919365,0.8585572842998586,0.8050397877984085,0.9439153439153439,0.9408263511711789,0.9281439374407036,945,754,Hidden States Maha,
qwen3_8b,wildguardtest,24,0.8811065332548558,0.8575458392101551,0.8063660477453581,0.9407407407407408,0.9412284395043016,0.9242894543396187,945,754,Hidden States Maha,
qwen3_8b,wildguardtest,25,0.8846380223660977,0.8615819209039548,0.8090185676392573,0.944973544973545,0.9396804345080207,0.9246630917339314,945,754,Hidden States Maha,
qwen3_8b,wildguardtest,26,0.8816951147733961,0.8583509513742071,0.8076923076923077,0.9407407407407408,0.9380334863093486,0.9227337961952767,945,754,Hidden States Maha,
qwen3_8b,wildguardtest,27,0.8793407886992348,0.8549186128803963,0.8010610079575596,0.9417989417989417,0.9371766802801287,0.9232460660927537,945,754,Hidden States Maha,
qwen3_8b,wildguardtest,28,0.8746321365509123,0.8492569002123143,0.7957559681697612,0.9375661375661376,0.937872791321067,0.9195519618832154,945,754,Hidden States Maha,
qwen3_8b,wildguardtest,29,0.8769864626250736,0.8527131782945736,0.8023872679045093,0.9365079365079365,0.9380292759603105,0.9220666006256188,945,754,Hidden States Maha,
qwen3_8b,wildguardtest,30,0.8775750441436139,0.8533145275035261,0.8023872679045093,0.9375661375661376,0.9355641165985993,0.924391784386988,945,754,Hidden States Maha,
qwen3_8b,wildguardtest,31,0.8781636256621542,0.8532955350815025,0.7984084880636605,0.9417989417989417,0.9351599230909575,0.922345485242424,945,754,Hidden States Maha,
qwen3_8b,wildguardtest,32,0.874043555032372,0.8477951635846372,0.7904509283819628,0.9407407407407408,0.9344041654386481,0.9247175345770512,945,754,Hidden States Maha,
qwen3_8b,wildguardtest,33,0.8775750441436139,0.8522727272727273,0.7957559681697612,0.9428571428571428,0.9337592803110045,0.9228332431422868,945,754,Hidden States Maha,
qwen3_8b,wildguardtest,34,0.8763978811065333,0.8506401137980085,0.7931034482758621,0.9428571428571428,0.9348167796443658,0.9240991829297853,945,754,Hidden States Maha,
qwen3_8b,wildguardtest,35,0.8705120659211301,0.84375,0.7877984084880637,0.9365079365079365,0.9322442563821873,0.925118404284373,945,754,Hidden States Maha,
qwen3_8b,wildguardtest,36,0.8734549735138316,0.8484848484848485,0.7984084880636605,0.9333333333333333,0.934547317305938,0.9292636546782226,945,754,Hidden States Maha,
